Brinquedo,Item
Cama elastica 244 Premium,Lona
Cama elastica 244 Premium,6 Isotubos
Cama elastica 244 Premium,3 Pés
Cama elastica 244 Premium,6 Junções
Cama elastica 244 Premium,Rede
Cama elastica 244 Premium,Escada
Piscina Clean,4 Laterias
Piscina Clean,Lona do chão
Piscina Clean,Bolinhas
Piscina de bolinhas 1 metro e meio 01,2 Triangulos
Piscina de bolinhas 1 metro e meio 01,3 Barras retas Teto
Piscina de bolinhas 1 metro e meio 01,Lona Teto
Piscina de bolinhas 1 metro e meio 01,Rede Proteção
Piscina de bolinhas 1 metro e meio 01,4 Madeiras Laterais
Piscina de bolinhas 1 metro e meio 01,Tatame
Piscina de bolinhas 1 metro e meio 01,Bolinhas
